dataset,intent,count_mean,recall_mean,recall_std,rules_recall,ae_better
test,exfiltration,56.0,0.9702380952380952,0.0206196524710581,0.9464285714285714,True
test,privilege_misuse,16.0,0.6666666666666666,0.2602082499332666,0.5,True
test,recon,70.0,0.8095238095238096,0.03299144395369292,0.6285714285714286,True
test,tamper_like,36.0,0.9166666666666666,0.05555555555555554,0.5833333333333334,True
val,exfiltration,56.0,0.9285714285714285,0.017857142857142835,0.9107142857142857,True
val,privilege_misuse,16.0,0.6875,0.22534695471649932,0.5,True
val,recon,70.0,0.8285714285714286,0.028571428571428553,0.6285714285714286,True
val,tamper_like,36.0,0.8611111111111112,0.07349309197401642,0.6111111111111112,True
