dataset,intent,count_mean,recall_mean,recall_std,rules_recall,if_better
test,exfiltration,56.0,0.9642857142857143,0.0,0.9464285714285714,True
test,privilege_misuse,16.0,0.375,0.33071891388307384,0.5,False
test,recon,70.0,0.41904761904761906,0.054084841388574015,0.6285714285714286,False
test,tamper_like,36.0,0.8611111111111112,0.02777777777777775,0.5833333333333334,True
val,exfiltration,56.0,0.9464285714285715,0.017857142857142835,0.9107142857142857,True
val,privilege_misuse,16.0,0.5416666666666666,0.15728821740147397,0.5,True
val,recon,70.0,0.8666666666666667,0.059476171413318055,0.6285714285714286,True
val,tamper_like,36.0,0.8240740740740741,0.03207501495497922,0.6111111111111112,True
